{
  "label_metrics": {
    "amota": {
      "bicycle": 0.1,
      "bus": 0.8888104838709676,
      "car": 0.6396593906582847,
      "motorcycle": 0.19148420882246225,
      "pedestrian": 0.5712483200339696,
      "trailer": NaN,
      "truck": 0.8522268850683634
    },
    "amotp": {
      "bicycle": 1.3039316506275842,
      "bus": 0.5568504110546437,
      "car": 0.6572508792444595,
      "motorcycle": 1.3408213021409867,
      "pedestrian": 0.5474415048876855,
      "trailer": NaN,
      "truck": 0.55331032919211
    },
    "recall": {
      "bicycle": 0.24390243902439024,
      "bus": 0.9696969696969697,
      "car": 0.7673674588665448,
      "motorcycle": 0.45535714285714285,
      "pedestrian": 0.6957720588235294,
      "trailer": NaN,
      "truck": 0.8736842105263158
    },
    "motar": {
      "bicycle": 0.8,
      "bus": 0.9375,
      "car": 0.7296636085626912,
      "motorcycle": 0.6633663366336633,
      "pedestrian": 0.7032085561497325,
      "trailer": NaN,
      "truck": 0.8554216867469879
    },
    "gt": {
      "bicycle": 41.0,
      "bus": 33.0,
      "car": 2188.0,
      "motorcycle": 224.0,
      "pedestrian": 1088.0,
      "trailer": NaN,
      "truck": 95.0
    },
    "mota": {
      "bicycle": 0.19512195121951215,
      "bus": 0.9090909090909091,
      "car": 0.5452468007312614,
      "motorcycle": 0.2991071428571429,
      "pedestrian": 0.4834558823529411,
      "trailer": NaN,
      "truck": 0.7473684210526316
    },
    "motp": {
      "bicycle": 0.20947547715911363,
      "bus": 0.47599164792683946,
      "car": 0.39090747036516293,
      "motorcycle": 0.6418701467496195,
      "pedestrian": 0.373721000097629,
      "trailer": NaN,
      "truck": 0.3904039566009817
    },
    "mt": {
      "bicycle": 0.0,
      "bus": 1.0,
      "car": 66.0,
      "motorcycle": 1.0,
      "pedestrian": 34.0,
      "trailer": NaN,
      "truck": 3.0
    },
    "ml": {
      "bicycle": 5.0,
      "bus": 0.0,
      "car": 25.0,
      "motorcycle": 3.0,
      "pedestrian": 25.0,
      "trailer": NaN,
      "truck": 1.0
    },
    "faf": {
      "bicycle": 9.523809523809524,
      "bus": 6.0606060606060606,
      "car": 545.679012345679,
      "motorcycle": 68.0,
      "pedestrian": 317.1428571428571,
      "trailer": NaN,
      "truck": 21.052631578947366
    },
    "tp": {
      "bicycle": 10.0,
      "bus": 32.0,
      "car": 1635.0,
      "motorcycle": 101.0,
      "pedestrian": 748.0,
      "trailer": NaN,
      "truck": 83.0
    },
    "fp": {
      "bicycle": 2.0,
      "bus": 2.0,
      "car": 442.0,
      "motorcycle": 34.0,
      "pedestrian": 222.0,
      "trailer": NaN,
      "truck": 12.0
    },
    "fn": {
      "bicycle": 31.0,
      "bus": 1.0,
      "car": 509.0,
      "motorcycle": 122.0,
      "pedestrian": 331.0,
      "trailer": NaN,
      "truck": 12.0
    },
    "ids": {
      "bicycle": 0.0,
      "bus": 0.0,
      "car": 44.0,
      "motorcycle": 1.0,
      "pedestrian": 9.0,
      "trailer": NaN,
      "truck": 0.0
    },
    "frag": {
      "bicycle": 0.0,
      "bus": 0.0,
      "car": 32.0,
      "motorcycle": 6.0,
      "pedestrian": 5.0,
      "trailer": NaN,
      "truck": 0.0
    },
    "tid": {
      "bicycle": 0.75,
      "bus": 0.5,
      "car": 0.8388888888888889,
      "motorcycle": 2.5625,
      "pedestrian": 1.0319148936170213,
      "trailer": NaN,
      "truck": 0.6666666666666666
    },
    "lgd": {
      "bicycle": 0.75,
      "bus": 0.5,
      "car": 1.238888888888889,
      "motorcycle": 3.6875,
      "pedestrian": 1.6170212765957446,
      "trailer": NaN,
      "truck": 0.6666666666666666
    }
  },
  "eval_time": 421.56080198287964,
  "cfg": {
    "tracking_names": [
      "bicycle",
      "bus",
      "car",
      "motorcycle",
      "pedestrian",
      "trailer",
      "truck"
    ],
    "pretty_tracking_names": {
      "bicycle": "Bicycle",
      "bus": "Bus",
      "car": "Car",
      "motorcycle": "Motorcycle",
      "pedestrian": "Pedestrian",
      "trailer": "Trailer",
      "truck": "Truck"
    },
    "tracking_colors": {
      "bicycle": "C9",
      "bus": "C2",
      "car": "C0",
      "motorcycle": "C6",
      "pedestrian": "C5",
      "trailer": "C3",
      "truck": "C1"
    },
    "class_range": {
      "car": 50,
      "truck": 50,
      "bus": 50,
      "trailer": 50,
      "pedestrian": 40,
      "motorcycle": 40,
      "bicycle": 40
    },
    "dist_fcn": "center_distance",
    "dist_th_tp": 2.0,
    "min_recall": 0.1,
    "max_boxes_per_sample": 2000,
    "metric_worst": {
      "amota": 0.0,
      "amotp": 2.0,
      "recall": 0.0,
      "motar": 0.0,
      "mota": 0.0,
      "motp": 2.0,
      "mt": 0.0,
      "ml": -1.0,
      "faf": 500,
      "gt": -1,
      "tp": 0.0,
      "fp": -1.0,
      "fn": -1.0,
      "ids": -1.0,
      "frag": -1.0,
      "tid": 20,
      "lgd": 20
    },
    "num_thresholds": 40
  },
  "amota": 0.5405715480756746,
  "amotp": 0.8266010128579117,
  "recall": 0.6676300466324822,
  "motar": 0.7815266980155124,
  "gt": 611.5,
  "mota": 0.5298985178840664,
  "motp": 0.41372828314989096,
  "mt": 105.0,
  "ml": 59.0,
  "faf": 161.24315277531653,
  "tp": 2609.0,
  "fp": 714.0,
  "fn": 1006.0,
  "ids": 54.0,
  "frag": 43.0,
  "tid": 1.0583284081954294,
  "lgd": 1.41001280535855,
  "meta": {
    "use_camera": false,
    "use_lidar": true,
    "use_radar": false,
    "use_map": false,
    "use_external": false
  }
}